{"epoch": 0, "train/reconstruction_loss": 4.775211811065674, "train/vq_loss": 0.049128636717796326, "stats/learning_rate": 4.0000000000000003e-07, "stats/codebook_0_perplexity": 26.56511688232422, "stats/codebook_1_perplexity": 27.310266494750977, "stats/codebook_2_perplexity": 28.249908447265625, "stats/codebook_0_count": 100.0, "stats/codebook_1_count": 100.0, "stats/codebook_2_count": 100.0, "_timestamp": 1715422264.8558106, "_runtime": 11.566906690597534, "_step": 1, "_wandb": {"runtime": 11}}