{"epoch": 0, "train/reconstruction_loss": 4.432915687561035, "train/vq_loss": 0.07926587015390396, "stats/learning_rate": 2.0000000000000002e-07, "stats/codebook_0_perplexity": 30.627634048461914, "stats/codebook_1_perplexity": 31.227428436279297, "stats/codebook_2_perplexity": 31.375633239746094, "stats/codebook_0_count": 100.0, "stats/codebook_1_count": 100.0, "stats/codebook_2_count": 100.0, "_timestamp": 1711689424.6323357, "_runtime": 17.02062463760376, "_step": 0, "_wandb": {"runtime": 26}}