{"epoch": 14, "train/reconstruction_loss": 0.35629066824913025, "train/vq_loss": 0.4708608388900757, "stats/learning_rate": 1e-05, "stats/codebook_0_perplexity": 26.643369674682617, "stats/codebook_1_perplexity": 24.702680587768555, "stats/codebook_2_perplexity": 26.068418502807617, "stats/codebook_0_count": 100.0, "stats/codebook_1_count": 100.0, "stats/codebook_2_count": 100.0, "_timestamp": 1711722491.775193, "_runtime": 33043.608588933945, "_step": 15014, "valid/reconstruction_loss": 1.7010878420743076, "valid/accuracy": 0.268030303030303, "valid/frequent_accuracy": 0.29492312620115313, "_wandb": {"runtime": 33042}}